id,title,score,num_comments,author,created_utc,url,over_18,edited,spoiler,stickied
1hd3vgd,Is Your SQL ready for Prod,256,11,Adela_freedom,2024-12-13 04:01:35,https://i.redd.it/vnbpn9rzfj6e1.png,False,False,False,False
1hcoa0p,AWS S3 Cheatsheet,79,4,2minutestreaming,2024-12-12 16:01:20,https://i.redd.it/diy9y0okxf6e1.png,False,False,False,False
1hcpmdh,Apache Iceberg: The Hadoop of the Modern Data Stack?,52,22,dan_the_lion,2024-12-12 17:00:20,https://medium.com/@danthelion/apache-iceberg-the-hadoop-of-the-modern-data-stack-c83f63a4ebb9,False,False,False,False
1hcqobm,Do you like dbt Cloud?,28,27,StartCompaniesNotWar,2024-12-12 17:44:28,https://www.reddit.com/r/dataengineering/comments/1hcqobm/do_you_like_dbt_cloud/,False,False,False,False
1hd0l1s,What’s the most niche data app you’d build if you didn’t have to deal with the pain of actually building it?,28,19,Amrutha-Structured,2024-12-13 01:07:54,https://www.reddit.com/r/dataengineering/comments/1hd0l1s/whats_the_most_niche_data_app_youd_build_if_you/,False,False,False,False
1hcoyu1,"Exploring MinIO + DuckDB: A Lightweight, Open-Source Tech Stack for Analytical Workloads",18,7,Travelxplore,2024-12-12 16:31:29,https://www.reddit.com/r/dataengineering/comments/1hcoyu1/exploring_minio_duckdb_a_lightweight_opensource/,False,False,False,False
1hclnfb,Why would I migrate from Synapse Serverless to Fabric?,18,23,300SecondTutorials,2024-12-12 13:58:15,https://www.reddit.com/r/dataengineering/comments/1hclnfb/why_would_i_migrate_from_synapse_serverless_to/,False,False,False,False
1hcmmus,Does a fresh graduate have scope of entering Data Engineering as a fresher,14,39,NobaraNotSakura,2024-12-12 14:46:29,https://i.redd.it/dxaoidm8kf6e1.jpeg,False,False,False,False
1hct1l3,A step-by-step guide on how to query your Snowflake managed Iceberg tables with DuckDB,14,0,hornyforsavings,2024-12-12 19:25:21,https://blog.greybeam.ai/query-snowflake-in-duckdb/,False,False,False,False
1hcw51k,Scala or Go next to Python / SQL ..,12,22,hugsond,2024-12-12 21:38:22,https://www.reddit.com/r/dataengineering/comments/1hcw51k/scala_or_go_next_to_python_sql/,False,False,False,False
1hcnxb7,fact table has different value than dimension,6,13,Kickassness,2024-12-12 15:45:56,https://www.reddit.com/r/dataengineering/comments/1hcnxb7/fact_table_has_different_value_than_dimension/,False,False,False,False
1hd6kqp,Recommendations for Generating ERD for Data Warehouses,5,2,killerb4u,2024-12-13 06:48:35,https://www.reddit.com/r/dataengineering/comments/1hd6kqp/recommendations_for_generating_erd_for_data/,False,False,False,False
1hcu7al,[Early Access] Free Cloud Dev Environment for dbt - Looking for Beta Testers!,4,1,Mafixo,2024-12-12 20:15:38,https://www.reddit.com/r/dataengineering/comments/1hcu7al/early_access_free_cloud_dev_environment_for_dbt/,False,False,False,False
1hckjt8,Applying for jobs,5,2,carannilion,2024-12-12 12:59:27,https://www.reddit.com/r/dataengineering/comments/1hckjt8/applying_for_jobs/,False,False,False,False
1hd1rlr,Data Lakehouse for structured data format?,3,2,quantanhoi,2024-12-13 02:08:19,https://www.reddit.com/r/dataengineering/comments/1hd1rlr/data_lakehouse_for_structured_data_format/,False,False,False,False
1hcjdo7,Free Podcast:  Maximizing Snowflake Performance,3,0,JohnAnthonyRyan,2024-12-12 11:48:29,https://www.reddit.com/r/dataengineering/comments/1hcjdo7/free_podcast_maximizing_snowflake_performance/,False,False,False,False
1hd9e7v,"Just made senior, now what?",4,6,yatsky93,2024-12-13 10:28:41,https://www.reddit.com/r/dataengineering/comments/1hd9e7v/just_made_senior_now_what/,False,False,False,False
1hcv0qs,FUT API,2,1,RelationNo8685,2024-12-12 20:51:18,https://www.reddit.com/r/dataengineering/comments/1hcv0qs/fut_api/,False,False,False,False
1hcu6ol,How does RAG system process a user query,2,0,rasvi786,2024-12-12 20:14:56,https://www.reddit.com/r/dataengineering/comments/1hcu6ol/how_does_rag_system_process_a_user_query/,False,False,False,False
1hcto95,"Recently fired, looking for advice on how to break back into the market.",2,9,likely-,2024-12-12 19:52:37,https://www.reddit.com/r/dataengineering/comments/1hcto95/recently_fired_looking_for_advice_on_how_to_break/,False,False,False,False
1hcopuv,Airflow vs StepFunction for moving files,2,3,tiracuenta94,2024-12-12 16:20:31,https://www.reddit.com/r/dataengineering/comments/1hcopuv/airflow_vs_stepfunction_for_moving_files/,False,False,False,False
1hcooc9,"How to Properly Configure Spark with Iceberg and AWS JARs (hadoop-aws, iceberg-spark-runtime, aws-sdk)",2,5,Spiritual-Conflict15,2024-12-12 16:18:41,https://www.reddit.com/r/dataengineering/comments/1hcooc9/how_to_properly_configure_spark_with_iceberg_and/,False,False,False,False
1hco293,Detecting discrepancies between Postgres and Snowflake,1,0,GuruM,2024-12-12 15:52:02,https://www.reddit.com/r/dataengineering/comments/1hco293/detecting_discrepancies_between_postgres_and/,False,False,False,False
1hcjb3i,Is this portfolio enough to start applying for jobs?,4,6,Egyptian_Voltaire,2024-12-12 11:43:45,https://www.reddit.com/r/dataengineering/comments/1hcjb3i/is_this_portfolio_enough_to_start_applying_for/,False,False,False,False
1hd2s0r,Anyone here transferred to Data Engineering from SRE?,1,1,grep212,2024-12-13 03:01:18,https://www.reddit.com/r/dataengineering/comments/1hd2s0r/anyone_here_transferred_to_data_engineering_from/,False,False,False,False
1hcu6tr,CDP - Snowflake x Amazon RDS,1,2,Routine_Carpet_3210,2024-12-12 20:15:06,https://www.reddit.com/r/dataengineering/comments/1hcu6tr/cdp_snowflake_x_amazon_rds/,False,False,False,False
1hcsiuh,Question for anyone with SPSS Modeler experience ,1,0,Full-Cow-7851,2024-12-12 19:02:45,https://www.reddit.com/r/dataengineering/comments/1hcsiuh/question_for_anyone_with_spss_modeler_experience/,False,False,False,False
1hcsbk6,Never felt so helpless to change job,1,4,srajeevan,2024-12-12 18:54:40,https://www.reddit.com/r/dataengineering/comments/1hcsbk6/never_felt_so_helpless_to_change_job/,False,False,False,False
1hcqe22,Looking for advice on how to contribute to projects,1,2,ThrowRA_alltheway,2024-12-12 17:32:14,https://www.reddit.com/r/dataengineering/comments/1hcqe22/looking_for_advice_on_how_to_contribute_to/,False,False,False,False
1hcq0og,"Favorite Data Integration Tools, Thoughts?",1,1,AMDataLake,2024-12-12 17:16:37,https://www.reddit.com/r/dataengineering/comments/1hcq0og/favorite_data_integration_tools_thoughts/,False,False,False,False
1hcpcn4,"Going from Database Administration to a New Role, am I too late?",1,2,Impossible_Classic21,2024-12-12 16:48:42,https://www.reddit.com/r/dataengineering/comments/1hcpcn4/going_from_database_administration_to_a_new_role/,False,False,False,False
1hco8bc,Advice for SE looking to add to skill set in DE,1,2,tinglydingus,2024-12-12 15:59:34,https://www.reddit.com/r/dataengineering/comments/1hco8bc/advice_for_se_looking_to_add_to_skill_set_in_de/,False,False,False,False
1hd3lm4,Meta DE position vs Current job,0,1,lizzohub,2024-12-13 03:46:23,https://www.reddit.com/r/dataengineering/comments/1hd3lm4/meta_de_position_vs_current_job/,False,False,False,False
1hd6ql4,anyone knows how to create json schema which can have each output in a separate line,0,5,BuyerProfessional126,2024-12-13 07:00:18,https://www.reddit.com/r/dataengineering/comments/1hd6ql4/anyone_knows_how_to_create_json_schema_which_can/,False,False,False,False
1hd1ub9,Been looking for jobs for months -- Need advise,0,11,Existing-Push-2142,2024-12-13 02:12:07,https://www.reddit.com/r/dataengineering/comments/1hd1ub9/been_looking_for_jobs_for_months_need_advise/,False,False,False,False
1hcodcw,T-SQL in SQL Query is a lie?,0,2,crazygoat_,2024-12-12 16:05:07,https://www.reddit.com/gallery/1hcodcw,False,False,False,False
